Workbook

Sheet envioPendenciaGOInspecao
A1: NR PROPOSTA | B1: APLICA | C1: RAMO | D1: DT PROPOSTA | E1: DT ULTIMA ALTERACAO | F1: COD CORRETOR | G1: BLOQUEIO | H1: NOTA | I1: status | J1: Linha
A2: 123542020 | B2: 0 | C2: 115 | D2: 45784 | E2: 45784 | F2: 4013642 | G2: 2005 | H2: 1272 | I2: Processado | J2: 0
A3: 127327174 | B3: 0 | C3: 116 | D3: 45784 | E3: 45784 | F3: 1021411 | G3: 2005 | H3: 1272 | I3: Processado | J3: 1
A4: 127679260 | B4: 0 | C4: 116 | D4: 45784 | E4: 45784 | F4: 230555 | G4: 2005 | H4: 1272 | I4: Processado | J4: 2
A5: 130665527 | B5: 0 | C5: 104 | D5: 45784 | E5: 45784 | F5: 4002749 | G5: 2000 | H5: 1272 | I5: Processado | J5: 3
A6: 132100950 | B6: 0 | C6: 116 | D6: 45784 | E6: 45784 | F6: 4023520 | G6: 2005 | H6: 1272 | I6: Processado | J6: 4
A7: 132343245 | B7: 0 | C7: 116 | D7: 45784 | E7: 45784 | F7: 4023520 | G7: 2005 | H7: 1272 | I7: Processado | J7: 5
A8: 132356452 | B8: 0 | C8: 115 | D8: 45784 | E8: 45784 | F8: 765666 | G8: 2005 | H8: 1272 | I8: Processado | J8: 6
A9: 132364967 | B9: 0 | C9: 116 | D9: 45784 | E9: 45784 | F9: 4023520 | G9: 2005 | H9: 1272 | I9: Processado | J9: 7
A10: 132382371 | B10: 0 | C10: 115 | D10: 45784 | E10: 45784 | F10: 4030661 | G10: 2005 | H10: 1272 | I10: Processado | J10: 8
A11: 132402176 | B11: 0 | C11: 116 | D11: 45784 | E11: 45784 | F11: 4023520 | G11: 2005 | H11: 1272 | I11: Processado | J11: 9
A12: 132423456 | B12: 0 | C12: 116 | D12: 45784 | E12: 45784 | F12: 1021411 | G12: 2005 | H12: 1272 | I12: Processado | J12: 10
A13: 132434836 | B13: 0 | C13: 116 | D13: 45784 | E13: 45784 | F13: 882401 | G13: 2001 | H13: 1272 | I13: Processado | J13: 11
... A1001: 132445582 | B1001: 0 | C1001: 2013 | D1001: 45784 | E1001: 45784 | F1001: 290920 | G1001: 2279 | H1001: 722 | I1001: Processado | J1001: 999

Sheet Planilha4
A1: POLIZA | B1: APLICA | C1: FGRAB_ORIGINAL | D1: MOT_BLOQUEO_1 | E1: MOT_BLOQUEO_2 | F1: MOT_BLOQUEO_3 | G1: MOT_BLOQUEO_4
A2: 126466856 | B2: 0 | C2: 45313 | D2: 1735 | E2: 8001 | F2: . | G2: .
A3: 126467025 | B3: 0 | C3: 45313 | D3: 1735 | E3: 8001 | F3: 8024 | G3: .
A4: 126467229 | B4: 0 | C4: 45313 | D4: 1735 | E4: 8001 | F4: . | G4: .
A5: 126469387 | B5: 0 | C5: 45313 | D5: 1735 | E5: 8001 | F5: . | G5: .
A6: 126469489 | B6: 0 | C6: 45313 | D6: 1735 | E6: 8001 | F6: 8024 | G6: .
A7: 126469909 | B7: 0 | C7: 45313 | D7: 1735 | E7: 8001 | F7: 8024 | G7: .
A8: 126470553 | B8: 0 | C8: 45313 | D8: 1735 | E8: 8001 | F8: . | G8: .
A9: 126471298 | B9: 0 | C9: 45313 | D9: 1735 | E9: 8001 | F9: 8024 | G9: .
A10: 126471369 | B10: 0 | C10: 45313 | D10: 1735 | E10: 8001 | F10: 8024 | G10: .
A11: 126471859 | B11: 0 | C11: 45313 | D11: 1735 | E11: 8001 | F11: 8024 | G11: .
A12: 126472338 | B12: 0 | C12: 45313 | D12: 1735 | E12: 8001 | F12: 8024 | G12: .
A13: 126472551 | B13: 0 | C13: 45313 | D13: 1735 | E13: 8001 | F13: 8024 | G13: .
A14: 126472745 | B14: 0 | C14: 45313 | D14: 1735 | E14: 8001 | F14: . | G14: .
A15: 126472966 | B15: 0 | C15: 45313 | D15: 1735 | E15: 8001 | F15: . | G15: .
A16: 126473471 | B16: 0 | C16: 45313 | D16: 1735 | E16: 8001 | F16: . | G16: .
A17: 126474004 | B17: 0 | C17: 45313 | D17: 1735 | E17: 8001 | F17: . | G17: .
A18: 126474685 | B18: 0 | C18: 45313 | D18: 1735 | E18: 8001 | F18: . | G18: .
A19: 126475002 | B19: 0 | C19: 45313 | D19: 1735 | E19: 8001 | F19: . | G19: .
A20: 126475378 | B20: 0 | C20: 45313 | D20: 1735 | E20: 8001 | F20: 8024 | G20: .
A21: 126475401 | B21: 0 | C21: 45313 | D21: 1735 | E21: 8001 | F21: 8024 | G21: .
A22: 126476367 | B22: 0 | C22: 45313 | D22: 1735 | E22: 8001 | F22: . | G22: .
A23: 126476459 | B23: 0 | C23: 45313 | D23: 1735 | E23: 8001 | F23: 8024 | G23: .
A24: 126476570 | B24: 0 | C24: 45313 | D24: 1735 | E24: 8001 | F24: . | G24: .
A25: 126476882 | B25: 0 | C25: 45313 | D25: 1735 | E25: 8001 | F25: 8024 | G25: .
A26: 126477022 | B26: 0 | C26: 45313 | D26: 1735 | E26: 8001 | F26: . | G26: .
A27: 126477428 | B27: 0 | C27: 45313 | D27: 1735 | E27: 8001 | F27: 8024 | G27: .

Sheet Planilha2
A1: a | B1: b | C1: c | D1: d | E1: e | F1: f | G1: g
A2: 44712 | B2: 4 | C2: 116678788 | D2: 0 | E2: 1211 | F2: =VLOOKUP(C2,envioPendenciaGOInspecao!A:C,3,0) -> #N/A | G2: =IF(F2=E2,"ok","erro") -> #N/A
A3: 44712 | B3: 4 | C3: 116773751 | D3: 0 | E3: 1251 | F3: =VLOOKUP(C3,envioPendenciaGOInspecao!A:C,3,0) -> #N/A | G3: =IF(F3=E3,"ok","erro") -> #N/A
A4: 44712 | B4: 4 | C4: 116773751 | D4: 1 | E4: 1253 | F4: =VLOOKUP(C4,envioPendenciaGOInspecao!A:C,3,0) -> #N/A | G4: =IF(F4=E4,"ok","erro") -> #N/A
A5: 44712 | B5: 4 | C5: 116773751 | D5: 2 | E5: 1251 | F5: =VLOOKUP(C5,envioPendenciaGOInspecao!A:C,3,0) -> #N/A | G5: =IF(F5=E5,"ok","erro") -> #N/A
A6: 44712 | B6: 4 | C6: 116773751 | D6: 3 | E6: 1251 | F6: =VLOOKUP(C6,envioPendenciaGOInspecao!A:C,3,0) -> #N/A | G6: =IF(F6=E6,"ok","erro") -> #N/A
A7: 44712 | B7: 4 | C7: 116773751 | D7: 4 | E7: 1253 | F7: =VLOOKUP(C7,envioPendenciaGOInspecao!A:C,3,0) -> #N/A | G7: =IF(F7=E7,"ok","erro") -> #N/A
A8: 44712 | B8: 4 | C8: 116773751 | D8: 6 | E8: 1253 | F8: =VLOOKUP(C8,envioPendenciaGOInspecao!A:C,3,0) -> #N/A | G8: =IF(F8=E8,"ok","erro") -> #N/A
A9: 44712 | B9: 4 | C9: 116773751 | D9: 7 | E9: 1253 | F9: =VLOOKUP(C9,envioPendenciaGOInspecao!A:C,3,0) -> #N/A | G9: =IF(F9=E9,"ok","erro") -> #N/A
A10: 44712 | B10: 4 | C10: 116773751 | D10: 8 | E10: 1251 | F10: =VLOOKUP(C10,envioPendenciaGOInspecao!A:C,3,0) -> #N/A | G10: =IF(F10=E10,"ok","erro") -> #N/A
A11: 44712 | B11: 4 | C11: 116773751 | D11: 9 | E11: 1253 | F11: =VLOOKUP(C11,envioPendenciaGOInspecao!A:C,3,0) -> #N/A | G11: =IF(F11=E11,"ok","erro") -> #N/A
A12: 44712 | B12: 4 | C12: 116773751 | D12: 10 | E12: 1253 | F12: =VLOOKUP(C12,envioPendenciaGOInspecao!A:C,3,0) -> #N/A | G12: =IF(F12=E12,"ok","erro") -> #N/A
A13: 44712 | B13: 4 | C13: 116773945 | D13: 0 | E13: 1251 | F13: =VLOOKUP(C13,envioPendenciaGOInspecao!A:C,3,0) -> #N/A | G13: =IF(F13=E13,"ok","erro") -> #N/A
... A921: 44712 | B921: 4 | C921: 120205679 | D921: 5 | E921: 1251 | F921: =VLOOKUP(C921,envioPendenciaGOInspecao!A:C,3,0) -> #N/A | G921: =IF(F921=E921,"ok","erro") -> #N/A

Sheet Planilha3
A1: POLIZA | B1: APLICA | C1: RAMO | D1: valid | E1: valid2 | F1: FGRAB_ORIGINAL | G1: FGRAB | H1: AGENTE | I1: MOT_BLOQUEO_1 | J1: Nota | K1: valid
A2: 120400256 | B2: 0 | C2: 2013 | D2: =VLOOKUP(A2,envioPendenciaGOInspecao!A:C,3,0) -> #N/A | E2: =IF(C2=D2,"ok","erro") -> #N/A | F2: 44729 | G2: 44729 | H2: 4015904 | I2: 714 | J2: 784 | K2: =A2&B2 -> 1204002560 | L2: =pro -> #NAME?
A3: 120400485 | B3: 0 | C3: 2013 | D3: =VLOOKUP(A3,envioPendenciaGOInspecao!A:C,3,0) -> #N/A | E3: =IF(C3=D3,"ok","erro") -> #N/A | F3: 44729 | G3: 44730 | H3: 4016073 | I3: 714 | J3: 784 | K3: =A3&B3 -> 1204004850
A4: 120401637 | B4: 0 | C4: 2013 | D4: =VLOOKUP(A4,envioPendenciaGOInspecao!A:C,3,0) -> #N/A | E4: =IF(C4=D4,"ok","erro") -> #N/A | F4: 44729 | G4: 44729 | H4: 4016081 | I4: 714 | J4: 784 | K4: =A4&B4 -> 1204016370
A5: 120401730 | B5: 0 | C5: 2013 | D5: =VLOOKUP(A5,envioPendenciaGOInspecao!A:C,3,0) -> #N/A | E5: =IF(C5=D5,"ok","erro") -> #N/A | F5: 44729 | G5: 44729 | H5: 4016081 | I5: 714 | J5: 784 | K5: =A5&B5 -> 1204017300
A6: 120402251 | B6: 0 | C6: 2013 | D6: =VLOOKUP(A6,envioPendenciaGOInspecao!A:C,3,0) -> #N/A | E6: =IF(C6=D6,"ok","erro") -> #N/A | F6: 44729 | G6: 44730 | H6: 4016202 | I6: 714 | J6: 784 | K6: =A6&B6 -> 1204022510
A7: 120403538 | B7: 0 | C7: 2013 | D7: =VLOOKUP(A7,envioPendenciaGOInspecao!A:C,3,0) -> #N/A | E7: =IF(C7=D7,"ok","erro") -> #N/A | F7: 44729 | G7: 44729 | H7: 4016078 | I7: 714 | J7: 784 | K7: =A7&B7 -> 1204035380
A8: 120403977 | B8: 0 | C8: 2013 | D8: =VLOOKUP(A8,envioPendenciaGOInspecao!A:C,3,0) -> #N/A | E8: =IF(C8=D8,"ok","erro") -> #N/A | F8: 44729 | G8: 44729 | H8: 4015880 | I8: 714 | J8: 784 | K8: =A8&B8 -> 1204039770
A9: 120404872 | B9: 0 | C9: 2013 | D9: =VLOOKUP(A9,envioPendenciaGOInspecao!A:C,3,0) -> #N/A | E9: =IF(C9=D9,"ok","erro") -> #N/A | F9: 44729 | G9: 44729 | H9: 4015882 | I9: 714 | J9: 784 | K9: =A9&B9 -> 1204048720
A10: 120405263 | B10: 0 | C10: 2013 | D10: =VLOOKUP(A10,envioPendenciaGOInspecao!A:C,3,0) -> #N/A | E10: =IF(C10=D10,"ok","erro") -> #N/A | F10: 44729 | G10: 44730 | H10: 4016073 | I10: 714 | J10: 784 | K10: =A10&B10 -> 1204052630
A11: 120406041 | B11: 0 | C11: 2013 | D11: =VLOOKUP(A11,envioPendenciaGOInspecao!A:C,3,0) -> #N/A | E11: =IF(C11=D11,"ok","erro") -> #N/A | F11: 44729 | G11: 44729 | H11: 4015884 | I11: 714 | J11: 784 | K11: =A11&B11 -> 1204060410
A12: 120406499 | B12: 0 | C12: 2013 | D12: =VLOOKUP(A12,envioPendenciaGOInspecao!A:C,3,0) -> #N/A | E12: =IF(C12=D12,"ok","erro") -> #N/A | F12: 44729 | G12: 44729 | H12: 4015893 | I12: 714 | J12: 784 | K12: =A12&B12 -> 1204064990
A13: 120407715 | B13: 0 | C13: 2013 | D13: =VLOOKUP(A13,envioPendenciaGOInspecao!A:C,3,0) -> #N/A | E13: =IF(C13=D13,"ok","erro") -> #N/A | F13: 44729 | G13: 44730 | H13: 4016073 | I13: 714 | J13: 784 | K13: =A13&B13 -> 1204077150
A14: 120407775 | B14: 0 | C14: 2013 | D14: =VLOOKUP(A14,envioPendenciaGOInspecao!A:C,3,0) -> #N/A | E14: =IF(C14=D14,"ok","erro") -> #N/A | F14: 44729 | G14: 44729 | H14: 4015886 | I14: 714 | J14: 784 | K14: =A14&B14 -> 1204077750
... A1098: 120314694 | B1098: 0 | C1098: 1251 | D1098: =VLOOKUP(A1098,envioPendenciaGOInspecao!A:C,3,0) -> #N/A | E1098: =IF(C1098=D1098,"ok","erro") -> #N/A | F1098: 44720 | G1098: 44720 | H1098: 1194512 | I1098: 717 | J1098: 760 | K1098: =A1098&B1098 -> 1203146940
A1099: . | B1099: . | C1099: . | D1099: =VLOOKUP(A1099,envioPendenciaGOInspecao!A:C,3,0) -> #N/A | E1099: =IF(C1099=D1099,"ok","erro") -> #N/A | F1099: . | G1099: . | H1099: . | I1099: . | K1099: =A1099&B1099 -> ..
A1100: 117390177 | B1100: 0 | C1100: 1221 | D1100: =VLOOKUP(A1100,envioPendenciaGOInspecao!A:C,3,0) -> #N/A | E1100: =IF(C1100=D1100,"ok","erro") -> #N/A | F1100: 44722 | G1100: 44722 | H1100: 8846832 | I1100: 717 | J1100: 759 | K1100: =A1100&B1100 -> 1173901770
A1101: 117584282 | B1101: 0 | C1101: 1221 | D1101: =VLOOKUP(A1101,envioPendenciaGOInspecao!A:C,3,0) -> #N/A | E1101: =IF(C1101=D1101,"ok","erro") -> #N/A | F1101: 44729 | G1101: 44722 | H1101: 424068 | I1101: 717 | J1101: 759 | K1101: =A1101&B1101 -> 1175842820
A1102: 117639927 | B1102: 0 | C1102: 1221 | D1102: =VLOOKUP(A1102,envioPendenciaGOInspecao!A:C,3,0) -> #N/A | E1102: =IF(C1102=D1102,"ok","erro") -> #N/A | F1102: 44727 | G1102: 44722 | H1102: 4001988 | I1102: 717 | J1102: 759 | K1102: =A1102&B1102 -> 1176399270
A1103: 117668632 | B1103: 0 | C1103: 1221 | D1103: =VLOOKUP(A1103,envioPendenciaGOInspecao!A:C,3,0) -> #N/A | E1103: =IF(C1103=D1103,"ok","erro") -> #N/A | F1103: 44727 | G1103: 44722 | H1103: 232053 | I1103: 717 | J1103: 759 | K1103: =A1103&B1103 -> 1176686320
A1104: 117727312 | B1104: 0 | C1104: 1221 | D1104: =VLOOKUP(A1104,envioPendenciaGOInspecao!A:C,3,0) -> #N/A | E1104: =IF(C1104=D1104,"ok","erro") -> #N/A | F1104: 44719 | G1104: 44722 | H1104: 4012444 | I1104: 717 | J1104: 759 | K1104: =A1104&B1104 -> 1177273120
A1105: 117727378 | B1105: 0 | C1105: 1221 | D1105: =VLOOKUP(A1105,envioPendenciaGOInspecao!A:C,3,0) -> #N/A | E1105: =IF(C1105=D1105,"ok","erro") -> #N/A | F1105: 44719 | G1105: 44722 | H1105: 8820151 | I1105: 717 | J1105: 759 | K1105: =A1105&B1105 -> 1177273780
A1106: 117755663 | B1106: 0 | C1106: 1221 | D1106: =VLOOKUP(A1106,envioPendenciaGOInspecao!A:C,3,0) -> #N/A | E1106: =IF(C1106=D1106,"ok","erro") -> #N/A | F1106: 44729 | G1106: 44722 | H1106: 4008524 | I1106: 717 | J1106: 759 | K1106: =A1106&B1106 -> 1177556630
A1107: 117799767 | B1107: 0 | C1107: 1221 | D1107: =VLOOKUP(A1107,envioPendenciaGOInspecao!A:C,3,0) -> #N/A | E1107: =IF(C1107=D1107,"ok","erro") -> #N/A | F1107: 44727 | G1107: 44722 | H1107: 8848571 | I1107: 717 | J1107: 759 | K1107: =A1107&B1107 -> 1177997670
A1108: 117887713 | B1108: 0 | C1108: 1221 | D1108: =VLOOKUP(A1108,envioPendenciaGOInspecao!A:C,3,0) -> #N/A | E1108: =IF(C1108=D1108,"ok","erro") -> #N/A | F1108: 44726 | G1108: 44722 | H1108: 4013745 | I1108: 717 | J1108: 759 | K1108: =A1108&B1108 -> 1178877130
A1109: 117909499 | B1109: 0 | C1109: 1221 | D1109: =VLOOKUP(A1109,envioPendenciaGOInspecao!A:C,3,0) -> #N/A | E1109: =IF(C1109=D1109,"ok","erro") -> #N/A | F1109: 44727 | G1109: 44722 | H1109: 422064 | I1109: 717 | J1109: 759 | K1109: =A1109&B1109 -> 1179094990
A1110: 118005441 | B1110: 0 | C1110: 1221 | D1110: =VLOOKUP(A1110,envioPendenciaGOInspecao!A:C,3,0) -> #N/A | E1110: =IF(C1110=D1110,"ok","erro") -> #N/A | F1110: 44726 | G1110: 44722 | H1110: 4002458 | I1110: 717 | J1110: 759 | K1110: =A1110&B1110 -> 1180054410
A1111: 118032014 | B1111: 0 | C1111: 1221 | D1111: =VLOOKUP(A1111,envioPendenciaGOInspecao!A:C,3,0) -> #N/A | E1111: =IF(C1111=D1111,"ok","erro") -> #N/A | F1111: 44729 | G1111: 44722 | H1111: 2301296 | I1111: 717 | J1111: 759 | K1111: =A1111&B1111 -> 1180320140
... A1444: 120336441 | B1444: 0 | C1444: 308 | D1444: =VLOOKUP(A1444,envioPendenciaGOInspecao!A:C,3,0) -> #N/A | E1444: =IF(C1444=D1444,"ok","erro") -> #N/A | F1444: 44722 | G1444: 44730 | H1444: 291655 | I1444: 8013 | J1444: 731 | K1444: =A1444&B1444 -> 1203364410

Sheet Planilha1
