Workbook

Sheet Planilha1
A1: Nº recibo | B1: Limite máximo | C1: sem juros/com juros | D1: NomeArquivo | E1: status | F1: Mensagem | G1: TipoReferencia | H1: NumeroReferencia | I1: Aplica | J1: Meio de Envio | K1: Tipo Destino | L1: Nome | M1: E-mail Destino | N1: E-mail Copia | O1: ModeloDescricao | P1: ModeloDescricao2 | Q1: Aviso | R1: status | S1: Upload | T1: ERRO | U1: linha
A2: 627168630 | B2: 45801 | C2: Sim | D2: 627168630 | G2: Apólice | H2: 128806744 | I2: 0 | J2: 6-Correio Electronico | K2: 7-Outros | L2: Captura de parcela rejeitada - Apólice 128806744 - HELENA MARIANA DE FELIPPE | M2: tatiane@vitoriasseguros.com.br | O2: 57 | P2: 5705 | Q2: Prezado(a), Identificamos uma falha na tentativa de captura da parcela 10 da apólice em questão, para não penalizar o segurado com cobrança de juros, emitimos novo boleto que encontra-se em anexo e dispoível na Ficha Gestão da apólice, por favor encaminhá-lo ao pagador. Caso o cliente já tenha realizado o pagamento, pedimos que desconsidere o boleto ou entre em contato conosco através do gestor de operações na opção "Cobrança Indevida". Pedimos desculpas pelo transtorno causado. Att. Departamento de Cobrança "Este e-mail é um envio automático, favor não responder.” | R2: Processado | S2: Processado | U2: 1
A3: 627905684 | B3: 45801 | C3: Sim | D3: 627905684 | G3: Apólice | H3: 128824904 | I3: 0 | J3: 6-Correio Electronico | K3: 7-Outros | L3: Captura de parcela rejeitada - Apólice 128824904 - LUCIMARA MERCURIO SCHWARZ | M3: fenix@corretorafenix.com.br | O3: 57 | P3: 5705 | Q3: Prezado(a), Identificamos uma falha na tentativa de captura da parcela 10 da apólice em questão, para não penalizar o segurado com cobrança de juros, emitimos novo boleto que encontra-se em anexo e dispoível na Ficha Gestão da apólice, por favor encaminhá-lo ao pagador. Caso o cliente já tenha realizado o pagamento, pedimos que desconsidere o boleto ou entre em contato conosco através do gestor de operações na opção "Cobrança Indevida". Pedimos desculpas pelo transtorno causado. Att. Departamento de Cobrança "Este e-mail é um envio automático, favor não responder.” | R3: Processado | S3: Processado | U3: 2
A4: 643777356 | B4: 45801 | C4: Sim | D4: 643777356 | G4: Apólice | H4: 129133431 | I4: 0 | J4: 6-Correio Electronico | K4: 7-Outros | L4: Captura de parcela rejeitada - Apólice 129133431 - PATRICIA VIEIRA DE DEUS | M4: contato@valdirenecorretora.com.br | O4: 57 | P4: 5705 | Q4: Prezado(a), Identificamos uma falha na tentativa de captura da parcela 9 da apólice em questão, para não penalizar o segurado com cobrança de juros, emitimos novo boleto que encontra-se em anexo e dispoível na Ficha Gestão da apólice, por favor encaminhá-lo ao pagador. Caso o cliente já tenha realizado o pagamento, pedimos que desconsidere o boleto ou entre em contato conosco através do gestor de operações na opção "Cobrança Indevida". Pedimos desculpas pelo transtorno causado. Att. Departamento de Cobrança "Este e-mail é um envio automático, favor não responder.” | R4: Processado | S4: Processado | U4: 3
A5: 647982911 | B5: 45801 | C5: Sim | D5: 647982911 | G5: Apólice | H5: 129212989 | I5: 0 | J5: 6-Correio Electronico | K5: 7-Outros | L5: Captura de parcela rejeitada - Apólice 129212989 - MARIA NEUSA RUSSI | M5: trevigo@trevigo.com.br | O5: 57 | P5: 5705 | Q5: Prezado(a), Identificamos uma falha na tentativa de captura da parcela 9 da apólice em questão, para não penalizar o segurado com cobrança de juros, emitimos novo boleto que encontra-se em anexo e dispoível na Ficha Gestão da apólice, por favor encaminhá-lo ao pagador. Caso o cliente já tenha realizado o pagamento, pedimos que desconsidere o boleto ou entre em contato conosco através do gestor de operações na opção "Cobrança Indevida". Pedimos desculpas pelo transtorno causado. Att. Departamento de Cobrança "Este e-mail é um envio automático, favor não responder.” | R5: Processado | S5: Processado | U5: 4
A6: 649440173 | B6: 45801 | C6: Sim | D6: 649440173 | G6: Apólice | H6: 129229925 | I6: 0 | J6: 6-Correio Electronico | K6: 7-Outros | L6: Captura de parcela rejeitada - Apólice 129229925 - OZENILDE PEREIRA DA SILVA | M6: corretora@costaecarminati.com.br | O6: 57 | P6: 5705 | Q6: Prezado(a), Identificamos uma falha na tentativa de captura da parcela 9 da apólice em questão, para não penalizar o segurado com cobrança de juros, emitimos novo boleto que encontra-se em anexo e dispoível na Ficha Gestão da apólice, por favor encaminhá-lo ao pagador. Caso o cliente já tenha realizado o pagamento, pedimos que desconsidere o boleto ou entre em contato conosco através do gestor de operações na opção "Cobrança Indevida". Pedimos desculpas pelo transtorno causado. Att. Departamento de Cobrança "Este e-mail é um envio automático, favor não responder.” | R6: Processado | S6: Processado | U6: 5
A7: 650757960 | B7: 45801 | C7: Sim | D7: 650757960 | G7: Apólice | H7: 129261629 | I7: 0 | J7: 6-Correio Electronico | K7: 7-Outros | L7: Captura de parcela rejeitada - Apólice 129261629 - ANA LUCIA DE OLIVEIRA VIEIRA | M7: seguros@dorconsultoria.com.br | O7: 57 | P7: 5705 | Q7: Prezado(a), Identificamos uma falha na tentativa de captura da parcela 9 da apólice em questão, para não penalizar o segurado com cobrança de juros, emitimos novo boleto que encontra-se em anexo e dispoível na Ficha Gestão da apólice, por favor encaminhá-lo ao pagador. Caso o cliente já tenha realizado o pagamento, pedimos que desconsidere o boleto ou entre em contato conosco através do gestor de operações na opção "Cobrança Indevida". Pedimos desculpas pelo transtorno causado. Att. Departamento de Cobrança "Este e-mail é um envio automático, favor não responder.” | R7: Processado | S7: Processado | U7: 6
A8: 651846606 | B8: 45801 | C8: Sim | D8: 651846606 | G8: Apólice | H8: 129263047 | I8: 0 | J8: 6-Correio Electronico | K8: 7-Outros | L8: Captura de parcela rejeitada - Apólice 129263047 - PATRICIA FERREIRA FALCAO BARBOSA | M8: renata.guedes@adtsa.com.br | O8: 57 | P8: 5705 | Q8: Prezado(a), Identificamos uma falha na tentativa de captura da parcela 9 da apólice em questão, para não penalizar o segurado com cobrança de juros, emitimos novo boleto que encontra-se em anexo e dispoível na Ficha Gestão da apólice, por favor encaminhá-lo ao pagador. Caso o cliente já tenha realizado o pagamento, pedimos que desconsidere o boleto ou entre em contato conosco através do gestor de operações na opção "Cobrança Indevida". Pedimos desculpas pelo transtorno causado. Att. Departamento de Cobrança "Este e-mail é um envio automático, favor não responder.” | R8: Processado | S8: Processado | U8: 7
A9: 652179148 | B9: 45801 | C9: Sim | D9: 652179148 | G9: Apólice | H9: 129272320 | I9: 0 | J9: 6-Correio Electronico | K9: 7-Outros | L9: Captura de parcela rejeitada - Apólice 129272320 - ANDRADES JOIAS LTDA ME | M9: operacional@hpeseguros.com.br | O9: 57 | P9: 5705 | Q9: Prezado(a), Identificamos uma falha na tentativa de captura da parcela 9 da apólice em questão, para não penalizar o segurado com cobrança de juros, emitimos novo boleto que encontra-se em anexo e dispoível na Ficha Gestão da apólice, por favor encaminhá-lo ao pagador. Caso o cliente já tenha realizado o pagamento, pedimos que desconsidere o boleto ou entre em contato conosco através do gestor de operações na opção "Cobrança Indevida". Pedimos desculpas pelo transtorno causado. Att. Departamento de Cobrança "Este e-mail é um envio automático, favor não responder.” | R9: Processado | S9: Processado | U9: 8
A10: 652326129 | B10: 45801 | C10: Sim | D10: 652326129 | G10: Apólice | H10: 129293081 | I10: 0 | J10: 6-Correio Electronico | K10: 7-Outros | L10: Captura de parcela rejeitada - Apólice 129293081 - ROSIANE MARIA DO NASCIMENTO MOURA | M10: renovacaoseguros@honda.com.br | O10: 57 | P10: 5705 | Q10: Prezado(a), Identificamos uma falha na tentativa de captura da parcela 9 da apólice em questão, para não penalizar o segurado com cobrança de juros, emitimos novo boleto que encontra-se em anexo e dispoível na Ficha Gestão da apólice, por favor encaminhá-lo ao pagador. Caso o cliente já tenha realizado o pagamento, pedimos que desconsidere o boleto ou entre em contato conosco através do gestor de operações na opção "Cobrança Indevida". Pedimos desculpas pelo transtorno causado. Att. Departamento de Cobrança "Este e-mail é um envio automático, favor não responder.” | R10: Processado | S10: Processado | U10: 9
A11: 652340740 | B11: 45801 | C11: Sim | D11: 652340740 | G11: Apólice | H11: 129254070 | I11: 0 | J11: 6-Correio Electronico | K11: 7-Outros | L11: Captura de parcela rejeitada - Apólice 129254070 - ANTONIO ARQUIMEDES DE OLIVEIRA CHAVES | M11: renovacaoseguros@honda.com.br | O11: 57 | P11: 5705 | Q11: Prezado(a), Identificamos uma falha na tentativa de captura da parcela 9 da apólice em questão, para não penalizar o segurado com cobrança de juros, emitimos novo boleto que encontra-se em anexo e dispoível na Ficha Gestão da apólice, por favor encaminhá-lo ao pagador. Caso o cliente já tenha realizado o pagamento, pedimos que desconsidere o boleto ou entre em contato conosco através do gestor de operações na opção "Cobrança Indevida". Pedimos desculpas pelo transtorno causado. Att. Departamento de Cobrança "Este e-mail é um envio automático, favor não responder.” | R11: Processado | S11: Processado | U11: 10
A12: 672941691 | B12: 45801 | C12: Sim | D12: 672941691 | G12: Apólice | H12: 129669897 | I12: 0 | J12: 6-Correio Electronico | K12: 7-Outros | L12: Captura de parcela rejeitada - Apólice 129669897 - BRUNO RAMOS LAVORATO | M12: rbmvitoria@rbmseguros.com.br | O12: 57 | P12: 5705 | Q12: Prezado(a), Identificamos uma falha na tentativa de captura da parcela 8 da apólice em questão, para não penalizar o segurado com cobrança de juros, emitimos novo boleto que encontra-se em anexo e dispoível na Ficha Gestão da apólice, por favor encaminhá-lo ao pagador. Caso o cliente já tenha realizado o pagamento, pedimos que desconsidere o boleto ou entre em contato conosco através do gestor de operações na opção "Cobrança Indevida". Pedimos desculpas pelo transtorno causado. Att. Departamento de Cobrança "Este e-mail é um envio automático, favor não responder.” | R12: Processado | S12: Processado | U12: 11
A13: 675973907 | B13: 45801 | C13: Sim | D13: 675973907 | G13: Apólice | H13: 129716675 | I13: 0 | J13: 6-Correio Electronico | K13: 7-Outros | L13: Captura de parcela rejeitada - Apólice 129716675 - CAROLINE BADOTTI MENDES | M13: protecta@protectaseguros.com.br | O13: 57 | P13: 5705 | Q13: Prezado(a), Identificamos uma falha na tentativa de captura da parcela 8 da apólice em questão, para não penalizar o segurado com cobrança de juros, emitimos novo boleto que encontra-se em anexo e dispoível na Ficha Gestão da apólice, por favor encaminhá-lo ao pagador. Caso o cliente já tenha realizado o pagamento, pedimos que desconsidere o boleto ou entre em contato conosco através do gestor de operações na opção "Cobrança Indevida". Pedimos desculpas pelo transtorno causado. Att. Departamento de Cobrança "Este e-mail é um envio automático, favor não responder.” | R13: Processado | S13: Processado | U13: 12
... A150: 834160313 | B150: 45801 | C150: Sim | D150: 834160313 | G150: Apólice | H150: 129647221 | I150: 0 | J150: 6-Correio Electronico | K150: 7-Outros | L150: Captura de parcela rejeitada - Apólice 129647221 - ADRIANA DA SILVA LEITE | M150: afmaseguros@hotmail.com | O150: 57 | P150: 5705 | Q150: Prezado(a), Identificamos uma falha na tentativa de captura da parcela 8 da apólice em questão, para não penalizar o segurado com cobrança de juros, emitimos novo boleto que encontra-se em anexo e dispoível na Ficha Gestão da apólice, por favor encaminhá-lo ao pagador. Caso o cliente já tenha realizado o pagamento, pedimos que desconsidere o boleto ou entre em contato conosco através do gestor de operações na opção "Cobrança Indevida". Pedimos desculpas pelo transtorno causado. Att. Departamento de Cobrança "Este e-mail é um envio automático, favor não responder.” | R150: Processado | S150: Processado | U150: 149

Sheet Enviados
A1: POLIZA | B1: NOTA | C1: TXNOTA | D1: USUARIOENVIO | E1: FEJECUCION
A2: 128549117 | B2: 5705 | C2: Proatividade manual Robô | D2: BE53725 | E2: 45786
A3: 128619630 | B3: 5705 | C3: Proatividade manual Robô | D3: BE53725 | E3: 45786
A4: 128631188 | B4: 5705 | C4: Proatividade manual Robô | D4: BE53725 | E4: 45786
A5: 128659426 | B5: 5705 | C5: Proatividade manual Robô | D5: BE53725 | E5: 45786
A6: 128665986 | B6: 5705 | C6: Proatividade manual Robô | D6: BE53725 | E6: 45786
A7: 128668522 | B7: 5705 | C7: Proatividade manual Robô | D7: BE53725 | E7: 45786
A8: 128670118 | B8: 5705 | C8: Proatividade manual Robô | D8: BE53725 | E8: 45786
A9: 128672946 | B9: 5705 | C9: Proatividade manual Robô | D9: BE53725 | E9: 45786
A10: 128683082 | B10: 5705 | C10: Proatividade manual Robô | D10: BE53725 | E10: 45786
A11: 128683811 | B11: 5705 | C11: Proatividade manual Robô | D11: BE53725 | E11: 45786
A12: 128699357 | B12: 5705 | C12: Proatividade manual Robô | D12: BE53725 | E12: 45786
A13: 128702240 | B13: 5705 | C13: Proatividade manual Robô | D13: BE53725 | E13: 45786
... A138: 132080960 | B138: 5705 | C138: Proatividade manual Robô | D138: BE53725 | E138: 45786

Sheet Não enviados
A1: Apólice | B1: Recibos | C1: Não enviados | D1: Motivo | E1: Ação
A2: 128549117 | B2: =_xlfn.XLOOKUP(A2,Planilha1!H:H,Planilha1!A:A) -> #N/A | C2: =_xlfn.XLOOKUP(A2,Enviados!A:A,Enviados!D:D) -> BE53725
A3: 128619630 | B3: =_xlfn.XLOOKUP(A3,Planilha1!H:H,Planilha1!A:A) -> #N/A | C3: =_xlfn.XLOOKUP(A3,Enviados!A:A,Enviados!D:D) -> BE53725
A4: 128668522 | B4: =_xlfn.XLOOKUP(A4,Planilha1!H:H,Planilha1!A:A) -> #N/A | C4: =_xlfn.XLOOKUP(A4,Enviados!A:A,Enviados!D:D) -> BE53725
A5: 128762441 | B5: =_xlfn.XLOOKUP(A5,Planilha1!H:H,Planilha1!A:A) -> #N/A | C5: =_xlfn.XLOOKUP(A5,Enviados!A:A,Enviados!D:D) -> BE53725
A6: 128762605 | B6: =_xlfn.XLOOKUP(A6,Planilha1!H:H,Planilha1!A:A) -> #N/A | C6: =_xlfn.XLOOKUP(A6,Enviados!A:A,Enviados!D:D) -> BE53725
A7: 128780358 | B7: =_xlfn.XLOOKUP(A7,Planilha1!H:H,Planilha1!A:A) -> #N/A | C7: =_xlfn.XLOOKUP(A7,Enviados!A:A,Enviados!D:D) -> BE53725
A8: 128802364 | B8: =_xlfn.XLOOKUP(A8,Planilha1!H:H,Planilha1!A:A) -> #N/A | C8: =_xlfn.XLOOKUP(A8,Enviados!A:A,Enviados!D:D) -> BE53725
A9: 128745609 | B9: =_xlfn.XLOOKUP(A9,Planilha1!H:H,Planilha1!A:A) -> #N/A | C9: =_xlfn.XLOOKUP(A9,Enviados!A:A,Enviados!D:D) -> BE53725
A10: 128738787 | B10: =_xlfn.XLOOKUP(A10,Planilha1!H:H,Planilha1!A:A) -> #N/A | C10: =_xlfn.XLOOKUP(A10,Enviados!A:A,Enviados!D:D) -> BE53725
A11: 128702240 | B11: =_xlfn.XLOOKUP(A11,Planilha1!H:H,Planilha1!A:A) -> #N/A | C11: =_xlfn.XLOOKUP(A11,Enviados!A:A,Enviados!D:D) -> BE53725
A12: 129558670 | B12: =_xlfn.XLOOKUP(A12,Planilha1!H:H,Planilha1!A:A) -> #N/A | C12: =_xlfn.XLOOKUP(A12,Enviados!A:A,Enviados!D:D) -> BE53725
A13: 129598995 | B13: =_xlfn.XLOOKUP(A13,Planilha1!H:H,Planilha1!A:A) -> #N/A | C13: =_xlfn.XLOOKUP(A13,Enviados!A:A,Enviados!D:D) -> BE53725
... A29: 131277154 | B29: =_xlfn.XLOOKUP(A29,Planilha1!H:H,Planilha1!A:A) -> #N/A | C29: =_xlfn.XLOOKUP(A29,Enviados!A:A,Enviados!D:D) -> BE53725
A30: 131297764 | B30: =_xlfn.XLOOKUP(A30,Planilha1!H:H,Planilha1!A:A) -> #N/A | C30: =_xlfn.XLOOKUP(A30,Enviados!A:A,Enviados!D:D) -> #N/A | D30: Não identificado | E30: Enviado manualmente
A31: 131297479 | B31: =_xlfn.XLOOKUP(A31,Planilha1!H:H,Planilha1!A:A) -> #N/A | C31: =_xlfn.XLOOKUP(A31,Enviados!A:A,Enviados!D:D) -> BE53725
A32: 131573877 | B32: =_xlfn.XLOOKUP(A32,Planilha1!H:H,Planilha1!A:A) -> #N/A | C32: =_xlfn.XLOOKUP(A32,Enviados!A:A,Enviados!D:D) -> BE53725
A33: 131609306 | B33: =_xlfn.XLOOKUP(A33,Planilha1!H:H,Planilha1!A:A) -> #N/A | C33: =_xlfn.XLOOKUP(A33,Enviados!A:A,Enviados!D:D) -> BE53725
A34: 131643619 | B34: =_xlfn.XLOOKUP(A34,Planilha1!H:H,Planilha1!A:A) -> #N/A | C34: =_xlfn.XLOOKUP(A34,Enviados!A:A,Enviados!D:D) -> BE53725
A35: 131656799 | B35: =_xlfn.XLOOKUP(A35,Planilha1!H:H,Planilha1!A:A) -> #N/A | C35: =_xlfn.XLOOKUP(A35,Enviados!A:A,Enviados!D:D) -> BE53725
A36: 131609269 | B36: =_xlfn.XLOOKUP(A36,Planilha1!H:H,Planilha1!A:A) -> #N/A | C36: =_xlfn.XLOOKUP(A36,Enviados!A:A,Enviados!D:D) -> BE53725
A37: 131917057 | B37: =_xlfn.XLOOKUP(A37,Planilha1!H:H,Planilha1!A:A) -> #N/A | C37: =_xlfn.XLOOKUP(A37,Enviados!A:A,Enviados!D:D) -> BE53725
A38: 132064104 | B38: =_xlfn.XLOOKUP(A38,Planilha1!H:H,Planilha1!A:A) -> #N/A | C38: =_xlfn.XLOOKUP(A38,Enviados!A:A,Enviados!D:D) -> BE53725
A39: 132080960 | B39: =_xlfn.XLOOKUP(A39,Planilha1!H:H,Planilha1!A:A) -> #N/A | C39: =_xlfn.XLOOKUP(A39,Enviados!A:A,Enviados!D:D) -> BE53725
A40: 128672946 | B40: =_xlfn.XLOOKUP(A40,Planilha1!H:H,Planilha1!A:A) -> #N/A | C40: =_xlfn.XLOOKUP(A40,Enviados!A:A,Enviados!D:D) -> BE53725
A41: 128665986 | B41: =_xlfn.XLOOKUP(A41,Planilha1!H:H,Planilha1!A:A) -> #N/A | C41: =_xlfn.XLOOKUP(A41,Enviados!A:A,Enviados!D:D) -> BE53725
A42: 128683082 | B42: =_xlfn.XLOOKUP(A42,Planilha1!H:H,Planilha1!A:A) -> #N/A | C42: =_xlfn.XLOOKUP(A42,Enviados!A:A,Enviados!D:D) -> BE53725
... A139: 131540306 | B139: =_xlfn.XLOOKUP(A139,Planilha1!H:H,Planilha1!A:A) -> #N/A | C139: =_xlfn.XLOOKUP(A139,Enviados!A:A,Enviados!D:D) -> BE53725
