Workbook

Sheet Planilha1
A1: Susep | B1: Apolice | C1: Status Sinistro | D1: Cobertura | E1: Nome Cobertura | F1: Soma de Valor Pago Moeda Original | G1: Soma de Valor Liberado R$ | H1: Processado | I1: Retorno
A2: 206366658 | B2: =VLOOKUP(A2,Plan1!$A$1:$G$718,2,0) -> VIMTP07000016238 | C2: =VLOOKUP(A2,Plan1!$A$1:$G$718,3,0) -> REABERTO | D2: 24 | E2: =VLOOKUP(A2,Plan1!$A$1:$G$718,5,0) -> DESPESAS FARMACEUTICAS | F2: 47.99 | G2: 47.99 | H2: OK | I2: Operação realizada.
A3: 206366677 | B3: =VLOOKUP(A3,Plan1!$A$1:$G$718,2,0) -> VIMTP20000048303 | C3: =VLOOKUP(A3,Plan1!$A$1:$G$718,3,0) -> REABERTO | D3: 12 | E3: =VLOOKUP(A3,Plan1!$A$1:$G$718,5,0) -> DESPESAS ODONTOLOGICAS | F3: 92.68 | G3: 401.61 | H3: KO | I3: Sinistro Judicial
A4: 209702916 | B4: =VLOOKUP(A4,Plan1!$A$1:$G$718,2,0) -> VIMTP07000093358 | C4: =VLOOKUP(A4,Plan1!$A$1:$G$718,3,0) -> ENCERRADO | D4: 8 | E4: =VLOOKUP(A4,Plan1!$A$1:$G$718,5,0) -> DESPESAS MEDICAS, HOSPITALARES | F4: 818 | G4: 2661.77 | H4: OK | I4: Operação realizada.
A5: 209703198 | B5: =VLOOKUP(A5,Plan1!$A$1:$G$718,2,0) -> VIEGA02000124079 | C5: =VLOOKUP(A5,Plan1!$A$1:$G$718,3,0) -> ENCERRADO | D5: 4 | E5: =VLOOKUP(A5,Plan1!$A$1:$G$718,5,0) -> DESPESAS MEDICAS, HOSPITALARES | F5: 275 | G5: 1075.11 | H5: OK | I5: Operação realizada.
A6: 213186373 | B6: =VLOOKUP(A6,Plan1!$A$1:$G$718,2,0) -> VIAGA06000150284 | C6: =VLOOKUP(A6,Plan1!$A$1:$G$718,3,0) -> ENCERRADO | D6: 4 | E6: =VLOOKUP(A6,Plan1!$A$1:$G$718,5,0) -> DESPESAS MEDICAS, HOSPITALARES | F6: 55 | G6: 153.64 | H6: OK | I6: Operação realizada.
A7: 215287609 | B7: =VLOOKUP(A7,Plan1!$A$1:$G$718,2,0) -> VIMTP20000194433 | C7: =VLOOKUP(A7,Plan1!$A$1:$G$718,3,0) -> ENCERRADO | D7: 4 | E7: =VLOOKUP(A7,Plan1!$A$1:$G$718,5,0) -> DESPESAS MEDICAS, HOSPITALARES | F7: 17558.5 | G7: 106883.32 | H7: OK | I7: Operação realizada.
A8: 215287233 | B8: =VLOOKUP(A8,Plan1!$A$1:$G$718,2,0) -> VIMTP08000162623 | C8: =VLOOKUP(A8,Plan1!$A$1:$G$718,3,0) -> ENCERRADO | D8: 4 | E8: =VLOOKUP(A8,Plan1!$A$1:$G$718,5,0) -> DESPESAS MEDICAS, HOSPITALARES | F8: 2412.41 | G8: 2412.41 | H8: OK | I8: Operação realizada.
A9: 215287763 | B9: =VLOOKUP(A9,Plan1!$A$1:$G$718,2,0) -> VIAGA18000204434 | C9: =VLOOKUP(A9,Plan1!$A$1:$G$718,3,0) -> ENCERRADO | D9: 4 | E9: =VLOOKUP(A9,Plan1!$A$1:$G$718,5,0) -> DESPESAS MEDICAS, HOSPITALARES | F9: 5.6 | G9: 29.91 | H9: OK | I9: Operação realizada.
A10: 218179941 | B10: =VLOOKUP(A10,Plan1!$A$1:$G$718,2,0) -> VIAGA05000202332 | C10: =VLOOKUP(A10,Plan1!$A$1:$G$718,3,0) -> ENCERRADO | D10: 32 | E10: =VLOOKUP(A10,Plan1!$A$1:$G$718,5,0) -> DESPESAS MEDICAS, HOSPITALARES | F10: 8649.55 | G10: 32795.83 | H10: KO | I10: Reserva + Pagamentos ultrapassa a cobertura.
A11: 219097503 | B11: =VLOOKUP(A11,Plan1!$A$1:$G$718,2,0) -> VIAGA17000253425 | C11: =VLOOKUP(A11,Plan1!$A$1:$G$718,3,0) -> ENCERRADO | D11: 4 | E11: =VLOOKUP(A11,Plan1!$A$1:$G$718,5,0) -> DESPESAS MEDICAS, HOSPITALARES | F11: 40 | G11: 211.07 | H11: OK | I11: Operação realizada.
A12: 222287930 | B12: =VLOOKUP(A12,Plan1!$A$1:$G$718,2,0) -> VIMTP19000166479 | C12: =VLOOKUP(A12,Plan1!$A$1:$G$718,3,0) -> ENCERRADO | D12: 8 | E12: =VLOOKUP(A12,Plan1!$A$1:$G$718,5,0) -> DESPESAS MEDICAS, HOSPITALARES | F12: 790.9 | G12: 4224.02 | H12: OK | I12: Operação realizada.
A13: 226008277 | B13: =VLOOKUP(A13,Plan1!$A$1:$G$718,2,0) -> VIEGA02000288303 | C13: =VLOOKUP(A13,Plan1!$A$1:$G$718,3,0) -> ENCERRADO | D13: 4 | E13: =VLOOKUP(A13,Plan1!$A$1:$G$718,5,0) -> DESPESAS MEDICAS, HOSPITALARES | F13: 95 | G13: 297.39 | H13: OK | I13: Operação realizada.
... A341: 239789422 | B341: =VLOOKUP(A341,Plan1!$A$1:$G$718,2,0) -> VIMTP07000985760 | C341: =VLOOKUP(A341,Plan1!$A$1:$G$718,3,0) -> ABERTO | D341: 8 | E341: =VLOOKUP(A341,Plan1!$A$1:$G$718,5,0) -> DESPESAS MEDICAS, HOSPITALARES | F341: 1273 | G341: 5816.78 | H341: OK | I341: Operação realizada.

Sheet Plan1
A1: Susep | B1: Apolice | C1: Status Sinistro | D1: Cobertura | E1: Nome Cobertura | F1: Valor Pago Moeda Original | G1: Valor Liberado R$
A2: 206366658 | B2: VIMTP07000016238 | C2: REABERTO | D2: 24 | E2: DESPESAS FARMACEUTICAS | F2: 47.99 | G2: 47.99
A3: 206366677 | B3: VIMTP20000048303 | C3: REABERTO | D3: 6 | E3: DESPESAS ODONTOLOGICAS | F3: 52.68 | G3: 227.33
A4: 206366677 | B4: VIMTP20000048303 | C4: REABERTO | D4: 6 | E4: DESPESAS ODONTOLOGICAS | F4: 40 | G4: 174.28
A5: 209702916 | B5: VIMTP07000093358 | C5: ENCERRADO | D5: 4 | E5: DESPESAS MEDICAS, HOSPITALARES | F5: 510 | G5: 1659.54
A6: 209702916 | B6: VIMTP07000093358 | C6: ENCERRADO | D6: 4 | E6: DESPESAS MEDICAS, HOSPITALARES | F6: 308 | G6: 1002.23
A7: 209703198 | B7: VIEGA02000124079 | C7: ENCERRADO | D7: 4 | E7: DESPESAS MEDICAS, HOSPITALARES | F7: 275 | G7: 1075.11
A8: 213186373 | B8: VIAGA06000150284 | C8: ENCERRADO | D8: 4 | E8: DESPESAS MEDICAS, HOSPITALARES | F8: 55 | G8: 153.64
A9: 215287609 | B9: VIMTP20000194433 | C9: ENCERRADO | D9: 4 | E9: DESPESAS MEDICAS, HOSPITALARES | F9: 17558.5 | G9: 106883.32
A10: 215287233 | B10: VIMTP08000162623 | C10: ENCERRADO | D10: 4 | E10: DESPESAS MEDICAS, HOSPITALARES | F10: 2412.41 | G10: 2412.41
A11: 215287763 | B11: VIAGA18000204434 | C11: ENCERRADO | D11: 4 | E11: DESPESAS MEDICAS, HOSPITALARES | F11: 5.6 | G11: 29.91
A12: 218179941 | B12: VIAGA05000202332 | C12: ENCERRADO | D12: 4 | E12: DESPESAS MEDICAS, HOSPITALARES | F12: 55 | G12: 169.53
A13: 218179941 | B13: VIAGA05000202332 | C13: ENCERRADO | D13: 4 | E13: DESPESAS MEDICAS, HOSPITALARES | F13: 6535.9 | G13: 24802.12
... A718: 239789422 | B718: VIMTP07000985760 | C718: ABERTO | D718: 4 | E718: DESPESAS MEDICAS, HOSPITALARES | F718: 764 | G718: 3490.98
